{
  "extract" : {
    "transaction" : "extract",
    "sampleCount" : 102400,
    "errorCount" : 0,
    "errorPct" : 0.0,
    "meanResTime" : 610.401621093751,
    "minResTime" : 145.0,
    "maxResTime" : 1352.0,
    "pct1ResTime" : 684.0,
    "pct2ResTime" : 707.0,
    "pct3ResTime" : 753.0,
    "throughput" : 198.24829049569817,
    "receivedKBytesPerSec" : 24621.2936136559,
    "sentKBytesPerSec" : 0.0
  },
  "Total" : {
    "transaction" : "Total",
    "sampleCount" : 102400,
    "errorCount" : 0,
    "errorPct" : 0.0,
    "meanResTime" : 610.401621093751,
    "minResTime" : 145.0,
    "maxResTime" : 1352.0,
    "pct1ResTime" : 684.0,
    "pct2ResTime" : 707.0,
    "pct3ResTime" : 753.0,
    "throughput" : 198.24829049569817,
    "receivedKBytesPerSec" : 24621.2936136559,
    "sentKBytesPerSec" : 0.0
  }
}