{
  "extract" : {
    "transaction" : "extract",
    "sampleCount" : 2000,
    "errorCount" : 0,
    "errorPct" : 0.0,
    "meanResTime" : 163.01150000000024,
    "minResTime" : 97.0,
    "maxResTime" : 288.0,
    "pct1ResTime" : 217.0,
    "pct2ResTime" : 224.0,
    "pct3ResTime" : 239.0,
    "throughput" : 6.120082131502205,
    "receivedKBytesPerSec" : 762.0936647969816,
    "sentKBytesPerSec" : 0.0
  },
  "Total" : {
    "transaction" : "Total",
    "sampleCount" : 2000,
    "errorCount" : 0,
    "errorPct" : 0.0,
    "meanResTime" : 163.01150000000024,
    "minResTime" : 97.0,
    "maxResTime" : 288.0,
    "pct1ResTime" : 217.0,
    "pct2ResTime" : 224.0,
    "pct3ResTime" : 239.0,
    "throughput" : 6.120082131502205,
    "receivedKBytesPerSec" : 762.0936647969816,
    "sentKBytesPerSec" : 0.0
  }
}